{"sections":{"main":{"type":"main-article","settings":{"color_scheme":"","show_image":true,"enable_parallax":true,"image_size":"medium","content_width":"md","show_date":false,"show_category":true,"show_author":true,"show_share_buttons":true,"show_sticky_bar":false,"toolbar_color_scheme":""}},"prev-next-blog-posts":{"type":"prev-next-blog-posts","settings":{"color_scheme":"scheme-2","separate_section_with_border":false,"subheading":"","title":"Read more","show_category":true,"show_excerpt":true,"show_read_more":true}}},"order":["main","prev-next-blog-posts"]}