{"sections":{"collection-banner":{"type":"collection-banner","disabled":true,"settings":{"color_scheme":"","image_size":"auto","allow_transparent_header":true,"reveal":true,"enable_parallax":true,"show_image":true,"show_collection_title":true,"show_collection_description":true,"show_breadcrumb":true,"content_width":"xs","overlay_color":"#000000","overlay_opacity":30}},"main":{"type":"main-collection","settings":{"color_scheme":"","hide_product_information":false,"products_per_page":48,"products_per_row_mobile":"2","products_size_desktop":"medium","show_grid_mode_selector":false,"horizontal_spacing_factor":1,"vertical_spacing_factor":1,"filter_layout":"sidebar","quick_links_menu":"","show_sort_by":false,"show_filters":false,"show_results_count":false,"show_filter_group_name":false,"show_filter_values_count":false,"open_filters_by_default":false}},"rich_text_T3hrFq":{"type":"rich-text","blocks":{"subheading_DNT8HJ":{"type":"subheading","disabled":true,"settings":{"text":"Subheading"}},"heading_knzcKx":{"type":"heading","disabled":true,"settings":{"text":"Heading","heading_tag":"h1"}},"richtext_mipC6D":{"type":"richtext","settings":{"content":"<p><\/p>{{ collection.metafields.custom.collection_description | metafield_tag }}<p><\/p>"}}},"block_order":["subheading_DNT8HJ","heading_knzcKx","richtext_mipC6D"],"settings":{"color_scheme":"","separate_section_with_border":false,"content_width":"sm","text_position":"start","remove_vertical_spacing":true}}},"order":["collection-banner","main","rich_text_T3hrFq"]}