{"sections":{"collection-banner":{"type":"collection-banner","disabled":true,"settings":{"color_scheme":"","image_size":"auto","allow_transparent_header":true,"reveal":true,"enable_parallax":true,"show_image":true,"show_collection_title":true,"show_collection_description":true,"show_breadcrumb":true,"content_width":"xs","overlay_color":"#000000","overlay_opacity":30}},"main":{"type":"main-collection","settings":{"color_scheme":"","hide_product_information":false,"products_per_page":48,"products_per_row_mobile":"2","products_size_desktop":"medium","show_grid_mode_selector":false,"horizontal_spacing_factor":1,"vertical_spacing_factor":1,"filter_layout":"sidebar","quick_links_menu":"","show_sort_by":false,"show_filters":false,"show_results_count":false,"show_filter_group_name":false,"show_filter_values_count":false,"open_filters_by_default":false}}},"order":["collection-banner","main"]}