{"sections":{"image_with_text_overlay_tW3bGi":{"type":"image-with-text-overlay","blocks":{"heading_YbCHpn":{"type":"heading","settings":{"text":"AUSTRALIA’S FAVOURITE LASH GROWTH SERUM","heading_tag":"h2"}},"button_9UtLP6":{"type":"button","settings":{"style":"solid","text":"SHOP EYE LASHES SERUM","url":"shopify:\/\/collections\/featured-collection","background":"#e9b7b7","text_color":"#ffffff"}}},"block_order":["heading_YbCHpn","button_9UtLP6"],"settings":{"color_scheme":"scheme-2","image_size":"auto","image":"shopify:\/\/shop_images\/purely-lashes-eye-lashes-growth-serum.jpg","mobile_image":"shopify:\/\/shop_images\/eye-lashes-growth-serum-purely-lashes_2c0798be-6ff7-45b6-a69c-44b6d5d461ed.jpg","allow_transparent_header":false,"reveal_on_scroll":true,"remove_vertical_spacing":true,"content_width":"md","mobile_text_position":"place-self-end-center text-center","desktop_text_position":"sm:place-self-start-center sm:text-center","overlay_color":"#000000","overlay_opacity":0}},"rich_text_xmR9pp":{"type":"rich-text","blocks":{"heading_gE8YQD":{"type":"heading","settings":{"text":"Longer Eye Lashes in 12 weeks","heading_tag":"h2"}},"richtext_ij3bDw":{"type":"richtext","settings":{"content":"<h6>Purely Lashes serums keep your eyelashes and eyebrows longer, fuller, and healthier. Our serums increase hair retention and promote natural growth. We guarantee it.<\/h6>"}}},"block_order":["heading_gE8YQD","richtext_ij3bDw"],"settings":{"color_scheme":"","separate_section_with_border":true,"content_width":"sm","text_position":"center","remove_vertical_spacing":false}},"before-after":{"type":"before-after","blocks":{"before":{"type":"before","settings":{"color_scheme":"scheme-4","image":"shopify:\/\/shop_images\/12-before-purely-lashes.jpg","text":"Before","link_text":"","link_url":"","link_style":"link"}},"after":{"type":"after","settings":{"color_scheme":"scheme-2","image":"shopify:\/\/shop_images\/purely-lashes-after-12.jpg","text":"After","link_text":"","link_url":"","link_style":"solid"}}},"block_order":["before","after"],"settings":{"color_scheme":"scheme-1","separate_section_with_border":false,"subheading":"","title":"","content":"","cursor_direction":"horizontal","cursor_initial_position":50,"cursor_background":"#ffffff","cursor_arrows_color":"#000000"}},"featured_collections_8DWgrz":{"type":"featured-collections","blocks":{"collection_QaX8Gd":{"type":"collection","settings":{"collection":"eye-lashes-growth-serums-and-eye-brows-oil","products_count":5,"title":"THE BEST SELLERS","link_url":"","link_text":"View all"}}},"block_order":["collection_QaX8Gd"],"settings":{"color_scheme":"","separate_section_with_border":false,"hide_product_information":false,"stack_products":false,"products_per_row_mobile":"2","products_per_row_desktop":4,"horizontal_spacing_factor":1,"vertical_spacing_factor":1,"subheading":""}},"featured-collections":{"type":"featured-collections","blocks":{"collection-1":{"type":"collection","settings":{"collection":"featured-collection","products_count":2,"title":"OUR TOP SELLERS","link_url":"shopify:\/\/collections\/featured-collection","link_text":"asdasdasd"}}},"block_order":["collection-1"],"disabled":true,"settings":{"color_scheme":"","separate_section_with_border":false,"hide_product_information":false,"stack_products":true,"products_per_row_mobile":"2","products_per_row_desktop":5,"horizontal_spacing_factor":1,"vertical_spacing_factor":1,"subheading":""}},"image_with_text_k6E4R9":{"type":"image-with-text","blocks":{"subheading_tcXVtB":{"type":"subheading","settings":{"text":""}},"heading_64fpCb":{"type":"heading","settings":{"text":"Eye lash serum that works!","heading_tag":"h1"}},"richtext_Xh97M4":{"type":"richtext","settings":{"content":"<p>Explore our collection of lash and brow growth solutions – the ideal companions for maintaining stunning lashes. <br\/><br\/>Enhance lash retention, nurture natural lash vitality, and achieve longer, fuller, and healthier lashes effortlessly. <\/p><p>We have researched and formulated natural lash and brow growth serums and the best after care products. <\/p><p>Purely Lashes has everything you need for thicker, longer, and healthier lashes! <\/p>"}},"button_rpchwy":{"type":"button","settings":{"style":"solid","text":"SHOP NOW","url":"shopify:\/\/collections\/featured-collection","background":"","text_color":""}}},"block_order":["subheading_tcXVtB","heading_64fpCb","richtext_Xh97M4","button_rpchwy"],"settings":{"color_scheme":"","separate_section_with_border":false,"image":"shopify:\/\/shop_images\/lash-enhancing-serum.jpg","reveal_on_scroll":true,"image_position":"start","content_width":"sm","remove_vertical_spacing":true}},"logo_list_JpLAzp":{"type":"logo-list","blocks":{"logo_gXXNCK":{"type":"logo","settings":{"logo":"shopify:\/\/shop_images\/vegan-products.jpg","logo_width":120,"link":""}},"logo_dxT3DP":{"type":"logo","settings":{"logo":"shopify:\/\/shop_images\/cruelty-free.jpg","logo_width":120,"link":""}},"logo_ydhXqX":{"type":"logo","settings":{"logo":"shopify:\/\/shop_images\/australian-owned-business.jpg","logo_width":120,"link":""}},"logo_TVV874":{"type":"logo","settings":{"logo":"shopify:\/\/shop_images\/woman-owned-business.jpg","logo_width":120,"link":""}}},"block_order":["logo_gXXNCK","logo_dxT3DP","logo_ydhXqX","logo_TVV874"],"settings":{"color_scheme":"","separate_section_with_border":false,"subheading":"","title":"Our values","items_per_row":4,"logo_item_background":"","logo_item_border":""}},"video_6tANcB":{"type":"video","blocks":{"subheading_7hiXtY":{"type":"subheading","settings":{"text":"Watch & Learn"}},"heading_wKUcQU":{"type":"heading","settings":{"text":"HOW TO APPLY PURELY LASHES PRODUCTS","heading_tag":"h2"}},"play_Y6kpK7":{"type":"play","settings":{"icon_color":"#ffffff"}}},"block_order":["subheading_7hiXtY","heading_wKUcQU","play_Y6kpK7"],"settings":{"autoplay":false,"show_controls":true,"video_size":"sm","video":"shopify:\/\/files\/videos\/Applying growth serum reel.MP4","external_video_url":"","poster":"shopify:\/\/shop_images\/compressed-Apply-growth-serum-reel-cover_1.jpg","text_color":"#efefef"}},"featured_product_rXMjDV":{"type":"featured-product","blocks":{"vendor_CmLdBT":{"type":"vendor","disabled":true,"settings":{}},"title_ekMfRL":{"type":"title","settings":{"heading_tag":"h3"}},"badges_hcgyEr":{"type":"badges","settings":{}},"quantity_selector_T4P3Yq":{"type":"quantity_selector","settings":{}},"price_gnPLYb":{"type":"price","settings":{"show_taxes_notice":false}},"rating_VWEQGg":{"type":"rating","settings":{"show_empty":true,"rating_mode":"rating"}},"buy_buttons_6mL74w":{"type":"buy_buttons","settings":{"show_payment_button":true,"show_gift_card_recipient":true,"atc_button_background":"","atc_button_text_color":"","payment_button_background":"","payment_button_text_color":""}},"payment_terms_zEieH6":{"type":"payment_terms","settings":{}},"separator_ymhMdr":{"type":"separator","disabled":true,"settings":{}},"description_7egTFG":{"type":"description","disabled":true,"settings":{"collapse_content":false}},"variant_picker_bywL7w":{"type":"variant_picker","disabled":true,"settings":{"hide_sold_out_variants":false,"selector_style":"block","swatch_selector_style":"swatch","variant_image_options":"","size_chart_page":""}},"pickup_availability_HgnBAq":{"type":"pickup_availability","disabled":true,"settings":{}}},"block_order":["vendor_CmLdBT","title_ekMfRL","badges_hcgyEr","quantity_selector_T4P3Yq","price_gnPLYb","rating_VWEQGg","buy_buttons_6mL74w","payment_terms_zEieH6","separator_ymhMdr","description_7egTFG","variant_picker_bywL7w","pickup_availability_HgnBAq"],"disabled":true,"settings":{"color_scheme":"scheme-1","product":"lash-rescue-oil","separate_section_with_border":false,"container_size":"xl","product_info_size":46,"center_basic_info":true,"desktop_media_layout":"grid_2x","desktop_media_grid_gap":25,"mobile_controls":"dots","enable_media_autoplay":false,"enable_video_looping":true,"enable_image_zoom":false,"max_image_zoom_level":2.5,"subheading":"","title":"","content":""}},"multiple-media-with-text":{"type":"multiple-media-with-text","blocks":{"image-1":{"type":"image","settings":{"rotation":0}},"image-2":{"type":"image","settings":{"rotation":0}}},"block_order":["image-1","image-2"],"disabled":true,"settings":{"color_scheme":"","reveal_on_scroll":true,"separate_section_with_border":true,"media_position_desktop":"before_text","media_position_mobile":"before_text","media_layout":"overlap","media_alignment":"center","media_alignment_offset":0,"media_mobile_alignment_offset":0,"text_alignment":"center","subheading":"About","title":"Showcase your product","content":"<p>Write some content about your products, collections or brand. Use image or video to create an impactful layout.<\/p>","button_1_text":"","button_1_link":"","button_1_style":"solid","button_2_text":"","button_2_link":"","button_2_style":"solid"}},"newsletter":{"type":"newsletter","disabled":true,"settings":{"color_scheme":"","separate_section_with_border":true,"image_size":"auto","subheading":"Keep me updated","title":"Newsletter","content":"<p>A short sentence describing what someone will receive by subscribing.<\/p>","button_text":"Subscribe","overlay_color":"#000000","overlay_opacity":0}},"shop-the-look":{"type":"shop-the-look","blocks":{"look-1":{"type":"look","settings":{"hot_spots_background":"#ffffff","product_1":"","product_1_horizontal_position":55,"product_1_vertical_position":30,"product_2":"","product_2_horizontal_position":25,"product_2_vertical_position":40,"product_3":"","product_3_horizontal_position":65,"product_3_vertical_position":60,"product_4":"","product_4_horizontal_position":85,"product_4_vertical_position":85}}},"block_order":["look-1"],"disabled":true,"settings":{"color_scheme":"","separate_section_with_border":true,"subheading":"","title":"Shop the look","content":"","popover_title":"Shop the look"}},"blog-posts":{"type":"blog-posts","disabled":true,"settings":{"color_scheme":"","separate_section_with_border":true,"blog":"","posts_count":3,"stack_on_mobile":false,"show_category":true,"show_excerpt":true,"show_read_more":true,"subheading":"","title":"Blog posts","content":"","button_link":"","button_text":"View all"}},"1711073206a01c4a36":{"type":"apps","blocks":{"loox_reviews_loox_carousel_section_8WpjXY":{"type":"shopify:\/\/apps\/loox-reviews\/blocks\/loox-carousel-section\/5c3b337f-fd14-4df5-b1d6-80ec13e6e28e","settings":{"max_width":1840,"text_color":"#000000","background_color":"#e9b7b7","arrows_color":"#000000","dots_color":"#000000","button_color":"#000000","show_more":true,"only_photos":false,"use_widget_font":false,"product_handle":""}}},"block_order":["loox_reviews_loox_carousel_section_8WpjXY"],"settings":{"color_scheme":"","separate_section_with_border":true,"remove_vertical_spacing":false,"remove_horizontal_spacing":false}},"1709808160b375f476":{"type":"apps","disabled":true,"settings":{"color_scheme":"","separate_section_with_border":true,"remove_vertical_spacing":false,"remove_horizontal_spacing":false}},"image_with_text_block_g4dTFC":{"type":"image-with-text-block","blocks":{"subheading_PqRjAJ":{"type":"subheading","settings":{"text":"PURELY LASHES ARE"}},"richtext_mcP7AC":{"type":"richtext","settings":{"content":"<p>A range of lash & brow growth products. The perfect addition to keeping your lashes beautiful in between salon visits. Increase lash retention, promote natural lash health and make your lash longer, fuller & healthier.  <\/p><p>We not only have researched & formulated the natural lash growth products but the best aftercare products. We have everything you need for thicker, stronger & healthier lashes! <\/p>"}}},"block_order":["subheading_PqRjAJ","richtext_mcP7AC"],"disabled":true,"settings":{"color_scheme":"scheme-2","image_size":"lg","image":"shopify:\/\/shop_images\/CU_0133.jpg","content_width":"lg","enable_parallax":false,"remove_vertical_spacing":true}},"1710989271be25d127":{"type":"apps","blocks":{"loox_reviews_loox_gallery_carousel_section_t4mVgR":{"type":"shopify:\/\/apps\/loox-reviews\/blocks\/loox-gallery-carousel-section\/5c3b337f-fd14-4df5-b1d6-80ec13e6e28e","settings":{"maxWidth":1100,"borderRadius":0,"itemsPerView":5,"mobileItemsPerView":1,"imageRatio":"1.25","reviewerNameColor":"#ffffff","starsColor":"#ffffff","arrows_backgroundColor":"#ffffff","arrows_iconColor":"#9a9a9a","shadow":"none","border_active":false,"border_width":2,"border_color":"#000000","productIds":""}}},"block_order":["loox_reviews_loox_gallery_carousel_section_t4mVgR"],"disabled":true,"settings":{"color_scheme":"","separate_section_with_border":true,"remove_vertical_spacing":false,"remove_horizontal_spacing":false}},"1710217158d06d9d7d":{"type":"apps","blocks":{"instafeed_app_block_6bB4DW":{"type":"shopify:\/\/apps\/instafeed\/blocks\/app-block\/c447db20-095d-4a10-9725-b5977662c9d5","settings":{"title":"@purelylashesonline","title_color":"#e9b7b7","title_size":22,"alignment":"center","margin_top":20,"html_area":""}}},"block_order":["instafeed_app_block_6bB4DW"],"settings":{"color_scheme":"scheme-4","separate_section_with_border":false,"remove_vertical_spacing":true,"remove_horizontal_spacing":true}}},"order":["image_with_text_overlay_tW3bGi","rich_text_xmR9pp","before-after","featured_collections_8DWgrz","featured-collections","image_with_text_k6E4R9","logo_list_JpLAzp","video_6tANcB","featured_product_rXMjDV","multiple-media-with-text","newsletter","shop-the-look","blog-posts","1711073206a01c4a36","1709808160b375f476","image_with_text_block_g4dTFC","1710989271be25d127","1710217158d06d9d7d"]}