{"sections":{"main":{"type":"main-page","settings":{"color_scheme":"","show_title":true,"page_width":"lg"}},"17117509322070703a":{"type":"apps","blocks":{"loox_reviews_loox_agg_section_x94UXg":{"type":"shopify:\/\/apps\/loox-reviews\/blocks\/loox-agg-section\/5c3b337f-fd14-4df5-b1d6-80ec13e6e28e","settings":{"only_photos":false,"hide_thumbnails":false,"product_handle":"","aggregated":true,"data-limit":20,"maxwidth":1080,"is_sample":true}}},"block_order":["loox_reviews_loox_agg_section_x94UXg"],"settings":{"color_scheme":"","separate_section_with_border":true,"remove_vertical_spacing":false,"remove_horizontal_spacing":false}}},"order":["main","17117509322070703a"]}