{"sections":{"main":{"type":"main-page","settings":{"color_scheme":"","show_title":true,"page_width":"lg"}},"multi_column_XMG3gq":{"type":"multi-column","blocks":{"image_with_text_RxEXnx":{"type":"image_with_text","settings":{"image":"shopify:\/\/shop_images\/IMG-1627.jpg","title":"<a href=\"\/pages\/ws-account-login\" title=\"Wholesale Login\">CURRENT RETAILERS<\/a>","heading_tag":"h3","content":"","link_url":"shopify:\/\/pages\/ws-account-login","link_text":"LOGIN HERE"}},"image_with_text_yHeq6V":{"type":"image_with_text","settings":{"image":"shopify:\/\/shop_images\/IMG-1629.jpg","title":"<a href=\"https:\/\/purelylashes.com.au\/pages\/ws-account-create\" title=\"https:\/\/purelylashes.com.au\/pages\/ws-account-create\">NEW TO PURELY LASHES?<\/a>","heading_tag":"h3","content":"","link_url":"https:\/\/purelylashes.com.au\/pages\/ws-account-create","link_text":"SIGN UP HERE"}},"image_with_text_V8JQee":{"type":"image_with_text","settings":{"image":"shopify:\/\/shop_images\/purely-lashes-eye-lashes-growth-serum_d990788f-7bc5-4068-92c7-437aff22a144.jpg","title":"<a href=\"https:\/\/purelylashes.com.au\/pages\/stockist-terms-conditions\" title=\"https:\/\/purelylashes.com.au\/pages\/stockist-terms-conditions\">Stockist Terms and conditions<\/a>","heading_tag":"h3","content":"","link_url":"https:\/\/purelylashes.com.au\/pages\/stockist-terms-conditions","link_text":"Read our Terms & Conditions"}}},"block_order":["image_with_text_RxEXnx","image_with_text_yHeq6V","image_with_text_V8JQee"],"settings":{"color_scheme":"","separate_section_with_border":false,"columns_per_row":3,"stack_on_mobile":false,"overlap_image":false,"content_alignment":"start","text_alignment":"start","spacing":"md","subheading":"","title":"","content":""}}},"order":["main","multi_column_XMG3gq"]}