{"sections":{"main":{"type":"main-page","settings":{"color_scheme":"","show_title":true,"page_width":"md"}},"testimonials_B7Px7R":{"type":"testimonials","blocks":{"testimonial_4eAbeD":{"type":"testimonial","settings":{"content":"<p>Share what your customers are saying about your products, customer service or shipping rates.<\/p>","logo_max_width":140,"logo_mobile_max_width":100,"author":""}},"testimonial_Y8BTXQ":{"type":"testimonial","settings":{"content":"<p>Share what your customers are saying about your products, customer service or shipping rates.<\/p>","logo_max_width":140,"logo_mobile_max_width":100,"author":""}},"testimonial_i6DTBY":{"type":"testimonial","settings":{"content":"<p>Share what your customers are saying about your products, customer service or shipping rates.<\/p>","logo_max_width":140,"logo_mobile_max_width":100,"author":""}}},"block_order":["testimonial_4eAbeD","testimonial_Y8BTXQ","testimonial_i6DTBY"],"disabled":true,"settings":{"color_scheme":"","separate_section_with_border":true,"auto_rotate_between_testimonials":false,"cycle_speed":5,"font_size_factor":1,"subheading":"","title":"","content":""}}},"order":["main","testimonials_B7Px7R"]}