{"sections":{"main":{"type":"main-page","settings":{"color_scheme":"","show_title":true,"page_width":"lg"}},"text_with_icons_zhGEtp":{"type":"text-with-icons","blocks":{"item_kxAgYt":{"type":"item","settings":{"icon":"picto-secure-profile","icon_width":64,"mobile_icon_width":24,"title":"<a href=\"\/pages\/ws-account-login\" title=\"Wholesale Login\">Current retailers<\/a>","content":"<h2><a href=\"\/pages\/ws-account-login\" title=\"Wholesale Login\"><strong>LOG IN<\/strong><\/a><\/h2>"}},"item_e9Qi9Q":{"type":"item","settings":{"icon":"picto-happy-face","icon_width":60,"mobile_icon_width":24,"title":"<a href=\"\/pages\/wholesale-registration\" title=\"Wholesale Registration\">NEW TO PURELY LASHES<\/a>","content":"<h3><a href=\"\/pages\/wholesale-registration\" title=\"Wholesale Registration\">SIGN UP<\/a> <\/h3>"}},"item_efmNcj":{"type":"item","settings":{"icon":"picto-shield","icon_width":24,"mobile_icon_width":24,"title":"Secure payment","content":"<p>Your payment information is processed securely.<\/p>"}}},"block_order":["item_kxAgYt","item_e9Qi9Q","item_efmNcj"],"settings":{"color_scheme":"","separate_section_with_border":true,"stack_on_mobile":false,"icon_color":"","text_color":"","text_alignment":"center"}}},"order":["main","text_with_icons_zhGEtp"]}