{"sections":{"rich_text_ThUckR":{"type":"rich-text","blocks":{"heading_Qrkdgc":{"type":"heading","settings":{"text":"Before & Afters","heading_tag":"h1"}},"subheading_dzKmkK":{"type":"subheading","settings":{"text":"Eight to twelve weeks of using Purely Lashes Lash Growth Serum daily"}},"richtext_K8Ux68":{"type":"richtext","settings":{"content":"<p>Our customers have been so happy with their results they've shared their results. Check them out. If you want to share your amazing results simply email us, we'd love to feature you.<\/p>"}}},"block_order":["heading_Qrkdgc","subheading_dzKmkK","richtext_K8Ux68"],"settings":{"color_scheme":"","separate_section_with_border":true,"content_width":"xs","text_position":"center","remove_vertical_spacing":false}},"main":{"type":"main-page","disabled":true,"settings":{"color_scheme":"","show_title":true,"page_width":"xs"}},"before_after_6VhMWD":{"type":"before-after","blocks":{"before_RgbTBz":{"type":"before","settings":{"color_scheme":"","image":"shopify:\/\/shop_images\/IMG_0897_2.jpg","text":"Before","link_text":"","link_url":"","link_style":"link"}},"after_FKHj8G":{"type":"after","settings":{"color_scheme":"","image":"shopify:\/\/shop_images\/1-purely-after-1.jpg","text":"After","link_text":"","link_url":"","link_style":"link"}}},"block_order":["before_RgbTBz","after_FKHj8G"],"settings":{"color_scheme":"","separate_section_with_border":true,"subheading":"","title":"","content":"","cursor_direction":"horizontal","cursor_initial_position":50,"cursor_background":"#e9b7b7","cursor_arrows_color":"#1c1c1c"}},"before_after_dLTC8J":{"type":"before-after","blocks":{"before_LWLetT":{"type":"before","settings":{"color_scheme":"","image":"shopify:\/\/shop_images\/IMG_9208_2.jpg","text":"Before","link_text":"","link_url":"","link_style":"link"}},"after_hf4f7y":{"type":"after","settings":{"color_scheme":"","image":"shopify:\/\/shop_images\/IMG_9209.jpg","text":"After","link_text":"","link_url":"","link_style":"link"}}},"block_order":["before_LWLetT","after_hf4f7y"],"settings":{"color_scheme":"scheme-2","separate_section_with_border":true,"subheading":"","title":"","content":"","cursor_direction":"horizontal","cursor_initial_position":50,"cursor_background":"#ffffff","cursor_arrows_color":"#000000"}},"before_after_rmQChf":{"type":"before-after","blocks":{"before_LLmQVD":{"type":"before","settings":{"color_scheme":"","image":"shopify:\/\/shop_images\/3-purely-before-3.jpg","text":"Before","link_text":"","link_url":"","link_style":"link"}},"after_8DfReY":{"type":"after","settings":{"color_scheme":"","image":"shopify:\/\/shop_images\/3-purely-after-3.jpg","text":"After","link_text":"","link_url":"","link_style":"link"}}},"block_order":["before_LLmQVD","after_8DfReY"],"settings":{"color_scheme":"","separate_section_with_border":true,"subheading":"","title":"","content":"","cursor_direction":"horizontal","cursor_initial_position":50,"cursor_background":"#ffffff","cursor_arrows_color":"#000000"}},"before_after_ARWk9L":{"type":"before-after","blocks":{"before_DqUHCB":{"type":"before","settings":{"color_scheme":"","image":"shopify:\/\/shop_images\/Before_PurelyLashes.jpg","text":"Before","link_text":"","link_url":"","link_style":"link"}},"after_Y4nGaH":{"type":"after","settings":{"color_scheme":"","image":"shopify:\/\/shop_images\/After_PurelyLashes_Tan.jpg","text":"After","link_text":"","link_url":"","link_style":"link"}}},"block_order":["before_DqUHCB","after_Y4nGaH"],"settings":{"color_scheme":"scheme-2","separate_section_with_border":true,"subheading":"","title":"","content":"","cursor_direction":"horizontal","cursor_initial_position":50,"cursor_background":"#ffffff","cursor_arrows_color":"#000000"}},"before_after_aje6fA":{"type":"before-after","blocks":{"before_wKzD7X":{"type":"before","settings":{"color_scheme":"","image":"shopify:\/\/shop_images\/5-purely-before.jpg","text":"Before","link_text":"","link_url":"","link_style":"link"}},"after_bfDxr6":{"type":"after","settings":{"color_scheme":"","image":"shopify:\/\/shop_images\/IMG_4517_2.heic","text":"After","link_text":"","link_url":"","link_style":"link"}}},"block_order":["before_wKzD7X","after_bfDxr6"],"settings":{"color_scheme":"","separate_section_with_border":true,"subheading":"","title":"","content":"","cursor_direction":"horizontal","cursor_initial_position":50,"cursor_background":"#ffffff","cursor_arrows_color":"#000000"}},"before_after_ahzVzt":{"type":"before-after","blocks":{"before_BhKzb7":{"type":"before","settings":{"color_scheme":"","image":"shopify:\/\/shop_images\/IMG_6839_2.jpg","text":"Before","link_text":"","link_url":"","link_style":"link"}},"after_jKG4KW":{"type":"after","settings":{"color_scheme":"","image":"shopify:\/\/shop_images\/IMG_6836_2_119081d1-9517-4dc4-be21-51224c3406d4.heic","text":"After","link_text":"","link_url":"","link_style":"link"}}},"block_order":["before_BhKzb7","after_jKG4KW"],"settings":{"color_scheme":"","separate_section_with_border":true,"subheading":"","title":"","content":"","cursor_direction":"horizontal","cursor_initial_position":50,"cursor_background":"#ffffff","cursor_arrows_color":"#000000"}},"before_after_RcdDz3":{"type":"before-after","blocks":{"before_GTVFye":{"type":"before","settings":{"color_scheme":"","image":"shopify:\/\/shop_images\/IMG_0892.jpg","text":"Before","link_text":"","link_url":"","link_style":"link"}},"after_7XKjRq":{"type":"after","settings":{"color_scheme":"","image":"shopify:\/\/shop_images\/IMG_0891.jpg","text":"After","link_text":"","link_url":"","link_style":"link"}}},"block_order":["before_GTVFye","after_7XKjRq"],"settings":{"color_scheme":"scheme-2","separate_section_with_border":true,"subheading":"","title":"","content":"","cursor_direction":"horizontal","cursor_initial_position":50,"cursor_background":"#ffffff","cursor_arrows_color":"#000000"}},"before_after_BgWRgG":{"type":"before-after","blocks":{"before_cBzxdg":{"type":"before","settings":{"color_scheme":"","image":"shopify:\/\/shop_images\/9_purely-lashes-before.jpg","text":"Before","link_text":"","link_url":"","link_style":"link"}},"after_neKYVf":{"type":"after","settings":{"color_scheme":"","image":"shopify:\/\/shop_images\/IMG_2909_2.jpg","text":"After","link_text":"","link_url":"","link_style":"link"}}},"block_order":["before_cBzxdg","after_neKYVf"],"settings":{"color_scheme":"","separate_section_with_border":true,"subheading":"","title":"","content":"","cursor_direction":"horizontal","cursor_initial_position":50,"cursor_background":"#ffffff","cursor_arrows_color":"#000000"}},"before_after_3XGzxi":{"type":"before-after","blocks":{"before_7X3Edf":{"type":"before","settings":{"color_scheme":"","image":"shopify:\/\/shop_images\/12-before-purely-lashes.jpg","text":"Before","link_text":"","link_url":"","link_style":"link"}},"after_nzrhMJ":{"type":"after","settings":{"color_scheme":"","image":"shopify:\/\/shop_images\/purely-lashes-after-12.jpg","text":"After","link_text":"","link_url":"","link_style":"link"}}},"block_order":["before_7X3Edf","after_nzrhMJ"],"settings":{"color_scheme":"","separate_section_with_border":true,"subheading":"","title":"Before\/after","content":"","cursor_direction":"horizontal","cursor_initial_position":50,"cursor_background":"#ffffff","cursor_arrows_color":"#000000"}},"before_after_LXMyi6":{"type":"before-after","blocks":{"before_3MjCnY":{"type":"before","settings":{"color_scheme":"","text":"Before","link_text":"","link_url":"","link_style":"link"}},"after_f7NxHP":{"type":"after","settings":{"color_scheme":"","text":"After","link_text":"","link_url":"","link_style":"link"}}},"block_order":["before_3MjCnY","after_f7NxHP"],"disabled":true,"settings":{"color_scheme":"","separate_section_with_border":true,"subheading":"","title":"","content":"","cursor_direction":"horizontal","cursor_initial_position":50,"cursor_background":"#ffffff","cursor_arrows_color":"#000000"}}},"order":["rich_text_ThUckR","main","before_after_6VhMWD","before_after_dLTC8J","before_after_rmQChf","before_after_ARWk9L","before_after_aje6fA","before_after_ahzVzt","before_after_RcdDz3","before_after_BgWRgG","before_after_3XGzxi","before_after_LXMyi6"]}