{"sections":{"faq":{"type":"faq","blocks":{"category":{"type":"category","settings":{"title":"Using our Purely Lashes products","icon":"none","icon_width":16}},"question_CzXfwm":{"type":"question","settings":{"question":"HOW TO APPLY PURELY LASHES LASH GROWTH SERUM AND LASH & BROW RESCUE OIL? ","answer":"<p>Ensure that the eye lid is clean. Shake the ingredients in the bottle, remove the excess of product from the tip of the wand by stroking it on the neck of the bottle. Apply Purely Lashes Lash Growth Serum to the skin of the eyelid from the exterior to the interior area every morning. For best results apply Lash & Brow Rescue Oil at night on clean lashes. Apply from the roots to the tips of the eyelashes as if you are applying mascara. <\/p>"}},"question_UbUUwL":{"type":"question","settings":{"question":"IF I USE PURELY LASHES LASH GROWTH SERUM MORE THAN ONCE A DAY WILL IT INCREASE MY RESULTS? ","answer":"<p>Use Purely Lashes Growth Serum every morning. Purely Lashes is a concentrated serum. Only a small amount is needed in order to achieve optimal results. Overuse may cause irritation. For maximum results use Lash & Brow Rescue Oil every night. <\/p>"}},"question-1":{"type":"question","settings":{"question":"CAN I USE PURELY LASHES ON BOTH UPPER AND BOTTOM LASHES? ","answer":"<p>Yes. Purely Lashes is safe for use on both your upper and lower lashes. The amount on the brush is enough for both eyes. No need to re-dip. When applying to lower lashes, be sure to apply underneath your lower lash line. Please make sure to apply Purely Lashes to the root line of your lashes. Application directly to your lashes will not promote desired results.<\/p>"}},"question-2":{"type":"question","settings":{"question":"WHAT SHOULD I DO IF I MISS A DAY APPLYING LASH GROWTH SERUM?<strong> <\/strong>","answer":"<p>Consistency is key. If you should miss an application of Purely Lashes, just apply your serum the next night. Results vary depending on age, hormones & health. You will see results somewhere between 4-8 weeks & full results after 12 weeks. <\/p>"}},"question-3":{"type":"question","settings":{"question":"HOW LONG SHOULD I USE PURELY LASHES FOR?","answer":"<p>For best results we recommend you use Purely Lashes Lash & Brow Rescue Oil at night & Growth Serum morning. With your first tube of Purely Lashes Lash Growth Serum, we are confident that you will reach your goal of luminous lashes. We recommend that in order to maintain these results that you continue to use Purely Lashes three to four times a week after you are happy with your results. <br\/><br\/><\/p>"}},"question_fy4VnC":{"type":"question","settings":{"question":"CAN MY EYE COLOUR CHANGE AFTER USING PURELY LASHES SERUM?","answer":"<p>Rest assured, Purely Lashes does not contain prostaglandin, which means there is no risk of changes in eye colour or the development of dark circles. You can use our serum confidently, knowing that it's formulated to enhance your lashes without unwanted side effects.<\/p>"}},"question_a4nUjB":{"type":"question","settings":{"question":"WHAT HAPPENS WHEN I STOP USING THE PURELY LASHES GROWTH SERUM?","answer":"<p>When you discontinue use of the Purely lashes, there are no adverse effects on your lashes. They will resume their natural growth without any shedding or fallout. However, for maintaining longer, thicker & fuller lashes & brows, continued use is recommended.<\/p>"}},"question_ziQcGt":{"type":"question","settings":{"question":"HOW LONG DOES A BOTTLE OF PURELY LASHES EYELASH SERUM LAST?","answer":"<p>One bottle of Purely Lashes serum, containing 3.5ml of product, typically lasts for approximately 3 months with regular use. Once opened, the serum remains effective for up to 6 months.<\/p>"}},"category_r7WyLi":{"type":"category","settings":{"title":"About Our Products","icon":"none","icon_width":16}},"question_zVLhKQ":{"type":"question","settings":{"question":"WHY IS PURELY LASHES DIFFERENT TO OTHER LASH GROWTH SERUMS?","answer":"<p>What sets Purely Lashes Eyelash Serum apart from others is its exclusive use of 4 active peptides, as well as its vegan, hormone-free, and paraben-free formulation. Unlike many competitors, our serum does not contain prostaglandins. Furthermore, we offer a 12 weeks money back guarantee! <\/p>"}},"question_wCbjAV":{"type":"question","settings":{"question":"IS PURELY LASHES VEGAN AND CRUELTY FREE? ","answer":"<p>Yes all our products are and always will be vegan and cruelty free. <\/p>"}},"question_zTVKY8":{"type":"question","settings":{"question":"IS PURELY LASHES AUSTRALIAN OWNED?","answer":"<p>Yes, Purely Lashes is an Australian owned company. Formulated by Melinda, a beauty therapist and salon owner. Melinda has been in the beauty industry for over 20 years and always felt there was a gap in the market when it came to lash care\/growth products. That is when Purely lashes was formulated.<\/p>"}},"question_mV46MT":{"type":"question","settings":{"question":"IS IT SAFE TO USE PURELY LASHES DURING PREGNANCY OR WHILE BREASTFEEDING?","answer":"<p>Our serum formulation does not contain hormones, making it very gentle and safe. However, for additional peace of mind, we recommend consulting with your doctor. <\/p>"}}},"block_order":["category","question_CzXfwm","question_UbUUwL","question-1","question-2","question-3","question_fy4VnC","question_a4nUjB","question_ziQcGt","category_r7WyLi","question_zVLhKQ","question_wCbjAV","question_zTVKY8","question_mV46MT"],"settings":{"color_scheme":"","separate_section_with_border":true,"show_categories":false,"subheading":"Need help?","title":"Frequently Asked Questions","content":""}}},"order":["faq"]}