{"sections":{"main":{"type":"main-product","blocks":{"vendor":{"type":"vendor","settings":{}},"title":{"type":"title","settings":{"heading_tag":"h3"}},"price":{"type":"price","settings":{"show_taxes_notice":false}},"loox_reviews_loox_rating_7aWAAk":{"type":"shopify:\/\/apps\/loox-reviews\/blocks\/loox-rating\/5c3b337f-fd14-4df5-b1d6-80ec13e6e28e","settings":{"contentSize":16,"pattern":"","hideText":false,"alignment":"","layout":"","textColor":"","starColor":"","showAllReviews":false,"looxOpenFloatingWidget":false,"emptyRatingWidget":false}},"payment_terms":{"type":"payment_terms","settings":{}},"buy_buttons":{"type":"buy_buttons","settings":{"show_payment_button":true,"show_gift_card_recipient":true,"atc_button_background":"","atc_button_text_color":"","payment_button_background":"","payment_button_text_color":""}},"separator":{"type":"separator","settings":{}},"description":{"type":"description","settings":{"collapse_content":false,"show_below_gallery":false}},"variant_picker":{"type":"variant_picker","settings":{"hide_sold_out_variants":false,"selector_style":"block","swatch_selector_style":"swatch","variant_image_options":"","size_chart_page":""}},"quantity_selector":{"type":"quantity_selector","settings":{}},"complementary_products":{"type":"complementary_products","settings":{"title":"Pairs well with","products_count":2,"show_below_gallery":true,"stack_products":false,"show_quick_buy":true}},"accordion_AgG7x3":{"type":"accordion","settings":{"show_below_gallery":true,"icon":"picto-info","title":"Ingredients","content":"<p>{{ product.metafields.custom.ingredients | metafield_tag }}<\/p>","liquid":"","page":""}}},"block_order":["vendor","title","price","loox_reviews_loox_rating_7aWAAk","payment_terms","buy_buttons","separator","description","variant_picker","quantity_selector","complementary_products","accordion_AgG7x3"],"settings":{"color_scheme":"","container_size":"lg","product_info_size":35,"show_sticky_add_to_cart":true,"center_basic_info":false,"desktop_media_layout":"carousel_thumbnails_bottom","desktop_media_grid_gap":30,"mobile_controls":"dots","enable_media_autoplay":false,"enable_video_looping":true,"enable_image_zoom":true,"max_image_zoom_level":3}},"related-products":{"type":"related-products","settings":{"color_scheme":"","separate_section_with_border":true,"hide_product_information":false,"stack_products":false,"recommendations_count":10,"products_per_row_mobile":"2","products_per_row_desktop":4,"horizontal_spacing_factor":1,"vertical_spacing_factor":1,"subheading":"","title":"Related products","content":""}},"1709088638fb38563a":{"type":"apps","blocks":{"loox_reviews_loox_dynamic_section_93bBxh":{"type":"shopify:\/\/apps\/loox-reviews\/blocks\/loox-dynamic-section\/5c3b337f-fd14-4df5-b1d6-80ec13e6e28e","settings":{"only_photos":false,"aggregated":false,"limit":20,"hide_thumbnails":false,"maxwidth":1080,"is_sample":true}}},"block_order":["loox_reviews_loox_dynamic_section_93bBxh"],"settings":{"color_scheme":"","separate_section_with_border":true,"remove_vertical_spacing":false,"remove_horizontal_spacing":false}}},"order":["main","related-products","1709088638fb38563a"]}