{"type":"footer","name":"Footer group","sections":{"footer":{"type":"footer","blocks":{"text":{"type":"text","settings":{"title":"About our products","content":"<p>Our products are formulated using only natural ingredients and are rigorouly tested. Your satisfaction and safety are out top priorities and we are commited to bringing to you only the best and most effective eyelash and eyebrow serums.<\/p><p>We are here to help! Email us at  sales@purelylashes.com.au<\/p>","enable_follow_on_shop":true}},"links_tmQE8w":{"type":"links","settings":{"menu":"shop","show_menu_title":true,"menu_title":""}},"links_abX4rQ":{"type":"links","settings":{"menu":"inside-purely-lashes","show_menu_title":true,"menu_title":""}},"links":{"type":"links","settings":{"menu":"help-support","show_menu_title":true,"menu_title":""}},"newsletter":{"type":"newsletter","settings":{"title":"Let's connect!","content":"<p>Sign up to receive 10% off your first order<\/p>","button_background":"","button_text_color":""}}},"block_order":["text","links_tmQE8w","links_abX4rQ","links","newsletter"],"settings":{"color_scheme":"scheme-1","separate_section_with_border":true,"show_social_media":true,"show_payment_icons":true,"show_country_selector":false,"show_country_name":false,"show_country_flag":false,"show_locale_selector":false}}},"order":["footer"]}