{"type":"header","name":"Header group","sections":{"announcement-bar":{"type":"announcement-bar","blocks":{"message-1":{"type":"message","settings":{"text":"Announce something here"}}},"block_order":["message-1"],"disabled":true,"settings":{"color_scheme":"","enable_sticky":false,"autoplay":true,"cycle_speed":5,"desktop_font_size":11,"mobile_font_size":10}},"header":{"type":"header","settings":{"color_scheme":"scheme-1","enable_sticky":true,"show_separation_border":false,"reduce_padding":true,"logo":"{{ shop.brand.logo }}","logo_max_width":300,"logo_mobile_max_width":200,"menu":"new-main-menu","sidebar_menu":"","menu_open_trigger":"hover","enable_search":true,"sidebar_color_scheme":"scheme-1","sidebar_text_font":"heading","sidebar_show_dividers":true,"layout":"logo_center_navigation_below","show_icons":true,"show_country_selector":false,"show_country_name":false,"show_country_flag":false,"show_locale_selector":false,"transparent_header_text_color":"#ffffff"}}},"order":["announcement-bar","header"]}