{"type":"custom.overlay","name":"Overlay group","sections":{"cart-drawer":{"type":"cart-drawer","settings":{"color_scheme":"","show_cart_note":true,"show_shipping_text":true,"show_view_cart_button":false,"show_checkout_button":true,"show_price_in_checkout_button":true,"cross_sell_products":[],"cross_sell_title":"Complete with","cross_sell_stack_products":false}},"newsletter-popup":{"type":"newsletter-popup","disabled":true,"settings":{"color_scheme":"","apparition_delay":5,"show_only_on_index":true,"hide_for_account_holders":true,"show_only_once":true,"title":"Signup for our newsletter","content":"Describe what your customers will receive when subscribing to your newsletter.","button_text":"Subscribe"}},"privacy-banner":{"type":"privacy-banner","disabled":true,"settings":{"color_scheme":"","title":"🍪 Cookie policy","content":"<p>We use cookies and similar technologies to provide the best experience on our website. Refer to our Privacy Policy for more information.<\/p>"}}},"order":["cart-drawer","newsletter-popup","privacy-banner"]}