{"current":{"icon_stroke_width":1.7,"section_vertical_spacing":"md","product_rating_color":"#e9b7b7","product_on_sale_accent":"#e9b7b7","success_color":"#307a07","error_color":"#cb2b2b","heading_font":"din_neuzeit_grotesk_n3","heading_letter_spacing":18,"text_font":"futura_n4","text_font_size_desktop":14,"button_letter_spacing":18,"stagger_products_apparition":false,"stagger_blog_posts_apparition":false,"stagger_menu_apparition":false,"cart_icon":"tote_bag","social_instagram":"https:\/\/instagram.com\/purelylashesonline","favicon":"shopify:\/\/shop_images\/images-2.jpg","content_for_index":[],"blocks":{"855628211100114053":{"type":"shopify:\/\/apps\/klaviyo-email-marketing-sms\/blocks\/klaviyo-onsite-embed\/2632fe16-c075-4321-a88b-50b567f42507","disabled":false,"settings":{}},"11532412952436166569":{"type":"shopify:\/\/apps\/loox-reviews\/blocks\/loox-inject\/5c3b337f-fd14-4df5-b1d6-80ec13e6e28e","disabled":false,"settings":{}},"wholesale_gorilla":{"type":"shopify:\/\/apps\/wholesale-gorilla\/blocks\/wsg-header\/c48d0487-dff9-41a4-94c8-ec6173fe8b8d","disabled":false,"settings":{"embed_bg_color":"#000000","embed_text_color":"#000000","embed_SPOF_label":""}}},"color_schemes":{"scheme-1":{"settings":{"background":"#ffffff","background_gradient":"","text_color":"#1c1c1c","primary_button_background":"#e9b7b7","primary_button_text_color":"#ffffff","circle_button_background":"#ffffff","circle_button_icon":"#e9b7b7"}},"scheme-2":{"settings":{"background":"#e9b7b7","background_gradient":"","text_color":"#ffffff","primary_button_background":"#e9b7b7","primary_button_text_color":"#ffffff","circle_button_background":"#ffffff","circle_button_icon":"#e9b7b7"}},"scheme-3":{"settings":{"background":"#1c1c1c","background_gradient":"","text_color":"#ffffff","primary_button_background":"#ffffff","primary_button_text_color":"#1c1c1c","circle_button_background":"#ffffff","circle_button_icon":"#1c1c1c"}},"scheme-4":{"settings":{"background":"rgba(0,0,0,0)","background_gradient":"","text_color":"#ffffff","primary_button_background":"#ffffff","primary_button_text_color":"#1c1c1c","circle_button_background":"#ffffff","circle_button_icon":"#1c1c1c"}}}},"presets":{"Allure":{"section_vertical_spacing":"md","heading_font":"univers_next_n4","heading_letter_spacing":18,"text_font":"univers_next_n4","text_font_size_desktop":14,"button_letter_spacing":18,"color_schemes":{"scheme-1":{"settings":{"background":"#efefef","text_color":"#1c1c1c","primary_button_background":"#1c1c1c","primary_button_text_color":"#ffffff","circle_button_background":"#ffffff","circle_button_icon":"#1c1c1c"}},"scheme-2":{"settings":{"background":"#ffffff","text_color":"#1c1c1c","primary_button_background":"#1c1c1c","primary_button_text_color":"#ffffff","circle_button_background":"#ffffff","circle_button_icon":"#1c1c1c"}},"scheme-3":{"settings":{"background":"#1c1c1c","text_color":"#ffffff","primary_button_background":"#ffffff","primary_button_text_color":"#1c1c1c","circle_button_background":"#ffffff","circle_button_icon":"#1c1c1c"}},"scheme-4":{"settings":{"background":"rgba(0,0,0,0)","text_color":"#ffffff","primary_button_background":"#ffffff","primary_button_text_color":"#1c1c1c","circle_button_background":"#ffffff","circle_button_icon":"#1c1c1c"}}},"success_color":"#307a07","warning_color":"#ed8a00","error_color":"#cb2b2b","product_rating_color":"#1c1c1c","product_on_sale_accent":"#e32c2b","product_sold_out_badge_background":"#efefef","product_custom_badge_background":"#1c1c1c"},"Couture":{"section_vertical_spacing":"md","heading_font":"futura_n4","heading_letter_spacing":18,"text_font":"century_gothic_n4","text_font_size_desktop":14,"button_letter_spacing":18,"color_schemes":{"scheme-1":{"settings":{"background":"#ffffff","text_color":"#5c5c5c","primary_button_background":"#5c5c5c","primary_button_text_color":"#ffffff","circle_button_background":"#ffffff","circle_button_icon":"#1c1c1c"}},"scheme-2":{"settings":{"background":"#f3f3f3","text_color":"#5c5c5c","primary_button_background":"#5c5c5c","primary_button_text_color":"#ffffff","circle_button_background":"#ffffff","circle_button_icon":"#5c5c5c"}},"scheme-3":{"settings":{"background":"#1c1c1c","text_color":"#ffffff","primary_button_background":"#ffffff","primary_button_text_color":"#1c1c1c","circle_button_background":"#ffffff","circle_button_icon":"#1c1c1c"}},"scheme-4":{"settings":{"background":"rgba(0,0,0,0)","text_color":"#ffffff","primary_button_background":"#ffffff","primary_button_text_color":"#1c1c1c","circle_button_background":"#ffffff","circle_button_icon":"#1c1c1c"}}},"success_color":"#307a07","warning_color":"#ed8a00","error_color":"#cb2b2b","product_rating_color":"#1c1c1c","product_on_sale_accent":"#e32c2b","product_sold_out_badge_background":"#efefef","product_custom_badge_background":"#1c1c1c"},"Vogue":{"section_vertical_spacing":"xs","heading_font":"din_neuzeit_grotesk_n3","heading_letter_spacing":18,"text_font":"futura_n4","text_font_size_desktop":14,"button_letter_spacing":18,"color_schemes":{"scheme-1":{"settings":{"background":"#ffffff","text_color":"#303030","primary_button_background":"#f5db8b","primary_button_text_color":"#303030","circle_button_background":"#1c1c1c","circle_button_icon":"#f5db8b"}},"scheme-2":{"settings":{"background":"#ffffff","text_color":"#303030","primary_button_background":"#f5db8b","primary_button_text_color":"#303030","circle_button_background":"#1c1c1c","circle_button_icon":"#f5db8b"}},"scheme-3":{"settings":{"background":"#1c1c1c","text_color":"#ffffff","primary_button_background":"#ffffff","primary_button_text_color":"#1c1c1c","circle_button_background":"#ffffff","circle_button_icon":"#1c1c1c"}},"scheme-4":{"settings":{"background":"rgba(0,0,0,0)","text_color":"#ffffff","primary_button_background":"#ffffff","primary_button_text_color":"#1c1c1c","circle_button_background":"#ffffff","circle_button_icon":"#1c1c1c"}}},"success_color":"#307a07","warning_color":"#ed8a00","error_color":"#cb2b2b","product_rating_color":"#1c1c1c","product_on_sale_accent":"#e32c2b","product_sold_out_badge_background":"#efefef","product_custom_badge_background":"#1c1c1c"}}}